{"data":[{"id":1,"mobil_id":1,"path_file":"mobil-media\/01JYEJ7M7NXVKT2FQ0VYAV8Q4Z.jpg","jenis_media":"gambar","jenis_gambar":null,"urutan_tampil":1,"teks_alternatif":null,"keterangan":null,"deleted_at":null,"created_at":"2025-06-23T14:14:19.000000Z","updated_at":"2025-06-23T14:14:19.000000Z"}],"links":{"first":"http:\/\/127.0.0.1:8000\/api\/admin\/foto-mobils?page=1","last":"http:\/\/127.0.0.1:8000\/api\/admin\/foto-mobils?page=1","prev":null,"next":null},"meta":{"current_page":1,"from":1,"last_page":1,"links":[{"url":null,"label":"&laquo; Previous","active":false},{"url":"http:\/\/127.0.0.1:8000\/api\/admin\/foto-mobils?page=1","label":"1","active":true},{"url":null,"label":"Next &raquo;","active":false}],"path":"http:\/\/127.0.0.1:8000\/api\/admin\/foto-mobils","per_page":15,"to":1,"total":1}}