{"data":[{"id":1,"nama_pelanggan":"Firmansyah","email_pelanggan":"rizafidev@gmail.com","telepon_pelanggan":"082133289048","alamat_pelanggan":null,"stok_mobil_id":1,"karyawan_id":null,"waktu_mulai":"2025-06-22T17:00:00.000000Z","waktu_selesai":"2025-06-23T17:00:00.000000Z","jenis":"test_drive","tujuan":null,"pesan_tambahan":null,"status":"pending","catatan_internal":null,"lokasi":null,"metode":"offline","waktu_alternatif":[],"tanggal_request":"2025-06-23T12:45:42.000000Z","tanggal_konfirmasi":null,"dikonfirmasi_oleh":null,"deleted_at":null,"created_at":"2025-06-23T12:45:42.000000Z","updated_at":"2025-06-23T12:45:42.000000Z"},{"id":2,"nama_pelanggan":"John Doe","email_pelanggan":"john.doe@email.com","telepon_pelanggan":"08123456789","alamat_pelanggan":"Jl. Sudirman No. 123, Jakarta","stok_mobil_id":1,"karyawan_id":null,"waktu_mulai":"2025-06-25T03:00:00.000000Z","waktu_selesai":"2025-06-25T05:00:00.000000Z","jenis":"test_drive","tujuan":"Ingin test drive Toyota Avanza untuk kebutuhan keluarga","pesan_tambahan":"Mohon siapkan dokumen untuk test drive","status":"pending","catatan_internal":null,"lokasi":"showroom","metode":"online","waktu_alternatif":"2025-06-26 14:00:00","tanggal_request":"2025-06-24T02:03:11.000000Z","tanggal_konfirmasi":null,"dikonfirmasi_oleh":null,"deleted_at":null,"created_at":"2025-06-24T02:04:12.000000Z","updated_at":"2025-06-24T02:04:12.000000Z"}],"links":{"first":"http:\/\/127.0.0.1:8000\/api\/admin\/janji-temus?page=1","last":"http:\/\/127.0.0.1:8000\/api\/admin\/janji-temus?page=1","prev":null,"next":null},"meta":{"current_page":1,"from":1,"last_page":1,"links":[{"url":null,"label":"&laquo; Previous","active":false},{"url":"http:\/\/127.0.0.1:8000\/api\/admin\/janji-temus?page=1","label":"1","active":true},{"url":null,"label":"Next &raquo;","active":false}],"path":"http:\/\/127.0.0.1:8000\/api\/admin\/janji-temus","per_page":15,"to":2,"total":2}}