{"data":[{"id":1,"nama":"SUV","slug":"suv","deskripsi":"Sport Utility Vehicle, kendaraan tangguh dengan ground clearance tinggi, cocok untuk berbagai medan dan gaya hidup aktif.","ikon":null,"urutan_tampil":1,"unggulan":true,"deleted_at":null,"created_at":"2025-06-23T11:41:25.000000Z","updated_at":"2025-06-23T11:41:25.000000Z"},{"id":2,"nama":"MPV","slug":"mpv","deskripsi":"Multi-Purpose Vehicle, mobil keluarga dengan kapasitas besar, ideal untuk perjalanan bersama.","ikon":null,"urutan_tampil":2,"unggulan":true,"deleted_at":null,"created_at":"2025-06-23T11:41:25.000000Z","updated_at":"2025-06-23T11:41:25.000000Z"},{"id":3,"nama":"Sedan","slug":"sedan","deskripsi":"Mobil dengan desain elegan dan kompartemen terpisah untuk penumpang dan bagasi, cocok untuk penggunaan perkotaan.","ikon":null,"urutan_tampil":3,"unggulan":false,"deleted_at":null,"created_at":"2025-06-23T11:41:25.000000Z","updated_at":"2025-06-23T11:41:25.000000Z"},{"id":4,"nama":"LCGC","slug":"lcgc","deskripsi":"Low Cost Green Car, mobil hemat bahan bakar dan ramah lingkungan dengan harga terjangkau.","ikon":null,"urutan_tampil":4,"unggulan":true,"deleted_at":null,"created_at":"2025-06-23T11:41:25.000000Z","updated_at":"2025-06-23T11:41:25.000000Z"},{"id":5,"nama":"Hatchback","slug":"hatchback","deskripsi":"Mobil kompak dengan pintu belakang yang terintegrasi, praktis untuk penggunaan sehari-hari di kota.","ikon":null,"urutan_tampil":5,"unggulan":false,"deleted_at":null,"created_at":"2025-06-23T11:41:25.000000Z","updated_at":"2025-06-23T11:41:25.000000Z"},{"id":6,"nama":"Mobil Listrik","slug":"mobil-listrik","deskripsi":"Kendaraan bertenaga listrik, ramah lingkungan dengan teknologi canggih, seperti BEV dan PHEV.","ikon":null,"urutan_tampil":6,"unggulan":true,"deleted_at":null,"created_at":"2025-06-23T11:41:25.000000Z","updated_at":"2025-06-23T11:41:25.000000Z"},{"id":7,"nama":"Pick-up","slug":"pick-up","deskripsi":"Kendaraan dengan bak terbuka, cocok untuk kebutuhan komersial dan transportasi barang.","ikon":null,"urutan_tampil":7,"unggulan":false,"deleted_at":null,"created_at":"2025-06-23T11:41:25.000000Z","updated_at":"2025-06-23T11:41:25.000000Z"},{"id":8,"nama":"Van","slug":"van","deskripsi":"Kendaraan dengan ruang kargo besar, digunakan untuk transportasi penumpang atau barang.","ikon":null,"urutan_tampil":8,"unggulan":false,"deleted_at":null,"created_at":"2025-06-23T11:41:25.000000Z","updated_at":"2025-06-23T11:41:25.000000Z"},{"id":9,"nama":"Crossover","slug":"crossover","deskripsi":"Kombinasi antara SUV dan hatchback, menawarkan gaya modern dan efisiensi bahan bakar.","ikon":null,"urutan_tampil":9,"unggulan":false,"deleted_at":null,"created_at":"2025-06-23T11:41:25.000000Z","updated_at":"2025-06-23T11:41:25.000000Z"},{"id":10,"nama":"Mobil Sport","slug":"mobil-sport","deskripsi":"Kendaraan dengan performa tinggi dan desain aerodinamis, dirancang untuk pengalaman berkendara dinamis.","ikon":null,"urutan_tampil":10,"unggulan":false,"deleted_at":null,"created_at":"2025-06-23T11:41:25.000000Z","updated_at":"2025-06-23T11:41:25.000000Z"}],"links":{"first":"http:\/\/127.0.0.1:8000\/api\/admin\/kategoris?page=1","last":"http:\/\/127.0.0.1:8000\/api\/admin\/kategoris?page=1","prev":null,"next":null},"meta":{"current_page":1,"from":1,"last_page":1,"links":[{"url":null,"label":"&laquo; Previous","active":false},{"url":"http:\/\/127.0.0.1:8000\/api\/admin\/kategoris?page=1","label":"1","active":true},{"url":null,"label":"Next &raquo;","active":false}],"path":"http:\/\/127.0.0.1:8000\/api\/admin\/kategoris","per_page":15,"to":10,"total":10}}