{"data":[{"id":1,"nama":"Toyota","slug":"toyota","logo":null,"negara_asal":"Jepang","deskripsi":"Toyota adalah merek mobil terbesar di Indonesia, dikenal dengan kendaraan andal seperti Avanza, Innova, dan Fortuner.","tahun_berdiri":1937,"aktif":true,"deleted_at":null,"created_at":"2025-06-23T11:41:25.000000Z","updated_at":"2025-06-23T11:41:25.000000Z"},{"id":2,"nama":"Daihatsu","slug":"daihatsu","logo":null,"negara_asal":"Jepang","deskripsi":"Daihatsu menawarkan mobil LCGC seperti Sigra dan Ayla, serta SUV seperti Terios, populer di kalangan keluarga Indonesia.","tahun_berdiri":1907,"aktif":true,"deleted_at":null,"created_at":"2025-06-23T11:41:25.000000Z","updated_at":"2025-06-23T11:41:25.000000Z"},{"id":3,"nama":"Honda","slug":"honda","logo":null,"negara_asal":"Jepang","deskripsi":"Honda terkenal dengan model seperti Brio, HR-V, dan CR-V, serta inovasi hybrid seperti HR-V e:HEV.","tahun_berdiri":1948,"aktif":true,"deleted_at":null,"created_at":"2025-06-23T11:41:25.000000Z","updated_at":"2025-06-23T11:41:25.000000Z"},{"id":4,"nama":"Suzuki","slug":"suzuki","logo":null,"negara_asal":"Jepang","deskripsi":"Suzuki dikenal dengan MPV seperti Ertiga dan SUV seperti Fronx, menawarkan harga kompetitif dan fitur modern.","tahun_berdiri":1909,"aktif":true,"deleted_at":null,"created_at":"2025-06-23T11:41:25.000000Z","updated_at":"2025-06-23T11:41:25.000000Z"},{"id":5,"nama":"Mitsubishi","slug":"mitsubishi","logo":null,"negara_asal":"Jepang","deskripsi":"Mitsubishi populer dengan Xpander dan Pajero Sport, serta truk seperti L100 EV untuk kebutuhan komersial.","tahun_berdiri":1970,"aktif":true,"deleted_at":null,"created_at":"2025-06-23T11:41:25.000000Z","updated_at":"2025-06-23T11:41:25.000000Z"},{"id":6,"nama":"Hyundai","slug":"hyundai","logo":null,"negara_asal":"Korea Selatan","deskripsi":"Hyundai menawarkan mobil listrik seperti Ioniq 5 dan Kona EV, serta SUV seperti Santa Fe dan Palisade.","tahun_berdiri":1967,"aktif":true,"deleted_at":null,"created_at":"2025-06-23T11:41:25.000000Z","updated_at":"2025-06-23T11:41:25.000000Z"},{"id":7,"nama":"Wuling","slug":"wuling","logo":null,"negara_asal":"Tiongkok","deskripsi":"Wuling dikenal dengan mobil listrik seperti Binguo EV dan Air ev, serta MPV seperti Cortez.","tahun_berdiri":2002,"aktif":true,"deleted_at":null,"created_at":"2025-06-23T11:41:25.000000Z","updated_at":"2025-06-23T11:41:25.000000Z"},{"id":8,"nama":"BYD","slug":"byd","logo":null,"negara_asal":"Tiongkok","deskripsi":"BYD mendominasi pasar mobil listrik di Indonesia dengan model seperti M6, Seal, dan Atto 3.","tahun_berdiri":1995,"aktif":true,"deleted_at":null,"created_at":"2025-06-23T11:41:25.000000Z","updated_at":"2025-06-23T11:41:25.000000Z"},{"id":9,"nama":"Chery","slug":"chery","logo":null,"negara_asal":"Tiongkok","deskripsi":"Chery menawarkan SUV seperti Tiggo 8 dan mobil listrik seperti Omoda E5, dengan teknologi canggih.","tahun_berdiri":1997,"aktif":true,"deleted_at":null,"created_at":"2025-06-23T11:41:25.000000Z","updated_at":"2025-06-23T11:41:25.000000Z"},{"id":10,"nama":"Neta","slug":"neta","logo":null,"negara_asal":"Tiongkok","deskripsi":"Neta fokus pada mobil listrik seperti Neta V-II dan Neta X, menawarkan solusi ramah lingkungan.","tahun_berdiri":2018,"aktif":true,"deleted_at":null,"created_at":"2025-06-23T11:41:25.000000Z","updated_at":"2025-06-23T11:41:25.000000Z"},{"id":11,"nama":"MG","slug":"mg","logo":null,"negara_asal":"Tiongkok","deskripsi":"MG (Morris Garages) menawarkan mobil listrik seperti MG 4EV dan ZS EV, serta SUV seperti ZS 2025.","tahun_berdiri":1924,"aktif":true,"deleted_at":null,"created_at":"2025-06-23T11:41:25.000000Z","updated_at":"2025-06-23T11:41:25.000000Z"},{"id":12,"nama":"BMW","slug":"bmw","logo":null,"negara_asal":"Jerman","deskripsi":"BMW adalah merek premium dengan model seperti X3, iX1, dan i5, dikenal dengan desain elegan dan performa tinggi.","tahun_berdiri":1916,"aktif":true,"deleted_at":null,"created_at":"2025-06-23T11:41:25.000000Z","updated_at":"2025-06-23T11:41:25.000000Z"},{"id":13,"nama":"Mercedes-Benz","slug":"mercedes-benz","logo":null,"negara_asal":"Jerman","deskripsi":"Mercedes-Benz menawarkan mobil mewah seperti G-Class Electric dan Maybach GLS-Class untuk segmen premium.","tahun_berdiri":1926,"aktif":true,"deleted_at":null,"created_at":"2025-06-23T11:41:25.000000Z","updated_at":"2025-06-23T11:41:25.000000Z"},{"id":14,"nama":"Volvo","slug":"volvo","logo":null,"negara_asal":"Swedia","deskripsi":"Volvo fokus pada SUV premium seperti XC90 dan mobil listrik seperti EX30, dengan teknologi keselamatan tinggi.","tahun_berdiri":1927,"aktif":true,"deleted_at":null,"created_at":"2025-06-23T11:41:25.000000Z","updated_at":"2025-06-23T11:41:25.000000Z"},{"id":15,"nama":"Citroen","slug":"citroen","logo":null,"negara_asal":"Prancis","deskripsi":"Citroen hadir dengan mobil listrik seperti E-C3 dan SUV seperti Basalt, menawarkan desain unik.","tahun_berdiri":1919,"aktif":true,"deleted_at":null,"created_at":"2025-06-23T11:41:25.000000Z","updated_at":"2025-06-23T11:41:25.000000Z"}],"links":{"first":"http:\/\/127.0.0.1:8000\/api\/admin\/mereks?page=1","last":"http:\/\/127.0.0.1:8000\/api\/admin\/mereks?page=3","prev":null,"next":"http:\/\/127.0.0.1:8000\/api\/admin\/mereks?page=2"},"meta":{"current_page":1,"from":1,"last_page":3,"links":[{"url":null,"label":"&laquo; Previous","active":false},{"url":"http:\/\/127.0.0.1:8000\/api\/admin\/mereks?page=1","label":"1","active":true},{"url":"http:\/\/127.0.0.1:8000\/api\/admin\/mereks?page=2","label":"2","active":false},{"url":"http:\/\/127.0.0.1:8000\/api\/admin\/mereks?page=3","label":"3","active":false},{"url":"http:\/\/127.0.0.1:8000\/api\/admin\/mereks?page=2","label":"Next &raquo;","active":false}],"path":"http:\/\/127.0.0.1:8000\/api\/admin\/mereks","per_page":15,"to":15,"total":32}}