{"data":[{"id":1,"nama":"Toyota Avanza","slug":"toyota-avanza","merek_id":1,"kategori_id":2,"tahun_mulai":2003,"tahun_akhir":null,"kapasitas_penumpang":7,"tipe_bodi":"mpv","status":"aktif","deskripsi":"Toyota Avanza adalah MPV keluarga terpopuler di Indonesia, dikenal karena keandalan dan harga terjangkau.","fitur_unggulan":"Desain modern, hemat bahan bakar, interior luas, fitur keselamatan seperti ABS dan airbag.","deleted_at":null,"created_at":"2025-06-23T11:41:25.000000Z","updated_at":"2025-06-23T11:41:25.000000Z"},{"id":2,"nama":"Honda Brio","slug":"honda-brio","merek_id":3,"kategori_id":4,"tahun_mulai":2012,"tahun_akhir":null,"kapasitas_penumpang":5,"tipe_bodi":"hatchback","status":"aktif","deskripsi":"Honda Brio adalah hatchback LCGC yang kompak, cocok untuk mobilitas perkotaan dengan desain sporty.","fitur_unggulan":"Mesin i-VTEC, konsumsi bahan bakar efisien, touchscreen infotainment, desain stylish.","deleted_at":null,"created_at":"2025-06-23T11:41:25.000000Z","updated_at":"2025-06-23T11:41:25.000000Z"},{"id":3,"nama":"Hyundai Ioniq 5","slug":"hyundai-ioniq-5","merek_id":6,"kategori_id":6,"tahun_mulai":2022,"tahun_akhir":null,"kapasitas_penumpang":5,"tipe_bodi":"suv","status":"aktif","deskripsi":"Hyundai Ioniq 5 adalah SUV listrik premium dengan teknologi canggih dan jangkauan baterai jauh.","fitur_unggulan":"Baterai jarak jauh, pengisian cepat, desain futuristik, fitur ADAS seperti lane assist.","deleted_at":null,"created_at":"2025-06-23T11:41:25.000000Z","updated_at":"2025-06-23T11:41:25.000000Z"},{"id":4,"nama":"Mitsubishi Xpander","slug":"mitsubishi-xpander","merek_id":5,"kategori_id":2,"tahun_mulai":2017,"tahun_akhir":null,"kapasitas_penumpang":7,"tipe_bodi":"mpv","status":"aktif","deskripsi":"Mitsubishi Xpander adalah MPV serbaguna dengan desain tangguh, ideal untuk keluarga Indonesia.","fitur_unggulan":"Ground clearance tinggi, interior fleksibel, fitur keselamatan modern, konsumsi bahan bakar efisien.","deleted_at":null,"created_at":"2025-06-23T11:41:25.000000Z","updated_at":"2025-06-23T11:41:25.000000Z"},{"id":5,"nama":"Wuling Air ev","slug":"wuling-air-ev","merek_id":7,"kategori_id":6,"tahun_mulai":2022,"tahun_akhir":null,"kapasitas_penumpang":4,"tipe_bodi":"hatchback","status":"aktif","deskripsi":"Wuling Air ev adalah mobil listrik kompak, ideal untuk penggunaan perkotaan dengan harga terjangkau.","fitur_unggulan":"Desain minimalis, baterai tahan lama, fitur parkir otomatis, ramah lingkungan.","deleted_at":null,"created_at":"2025-06-23T11:41:25.000000Z","updated_at":"2025-06-23T11:41:25.000000Z"},{"id":6,"nama":"Daihatsu Ayla","slug":"daihatsu-ayla","merek_id":2,"kategori_id":4,"tahun_mulai":2013,"tahun_akhir":null,"kapasitas_penumpang":5,"tipe_bodi":"hatchback","status":"aktif","deskripsi":"Daihatsu Ayla adalah mobil LCGC yang hemat dan praktis, cocok untuk penggunaan sehari-hari.","fitur_unggulan":"Mesin 1.0L\/1.2L, harga terjangkau, konsumsi bahan bakar efisien, desain kompak.","deleted_at":null,"created_at":"2025-06-23T11:41:25.000000Z","updated_at":"2025-06-23T11:41:25.000000Z"},{"id":7,"nama":"Toyota Fortuner","slug":"toyota-fortuner","merek_id":1,"kategori_id":1,"tahun_mulai":2005,"tahun_akhir":null,"kapasitas_penumpang":7,"tipe_bodi":"suv","status":"aktif","deskripsi":"Toyota Fortuner adalah SUV tangguh dengan performa kuat, cocok untuk petualangan dan penggunaan keluarga.","fitur_unggulan":"Mesin diesel bertenaga, 4x4 opsional, interior premium, fitur keselamatan lengkap.","deleted_at":null,"created_at":"2025-06-23T11:41:25.000000Z","updated_at":"2025-06-23T11:41:25.000000Z"},{"id":8,"nama":"BYD Atto 3","slug":"byd-atto-3","merek_id":8,"kategori_id":6,"tahun_mulai":2023,"tahun_akhir":null,"kapasitas_penumpang":5,"tipe_bodi":"suv","status":"aktif","deskripsi":"BYD Atto 3 adalah SUV listrik dengan teknologi canggih, menawarkan kenyamanan dan efisiensi.","fitur_unggulan":"Blade Battery, jangkauan hingga 420 km, interior modern, sistem infotainment canggih.","deleted_at":null,"created_at":"2025-06-23T11:41:25.000000Z","updated_at":"2025-06-23T11:41:25.000000Z"},{"id":9,"nama":"Suzuki Ertiga","slug":"suzuki-ertiga","merek_id":4,"kategori_id":2,"tahun_mulai":2012,"tahun_akhir":null,"kapasitas_penumpang":7,"tipe_bodi":"mpv","status":"aktif","deskripsi":"Suzuki Ertiga adalah MPV keluarga yang ekonomis dengan desain modern dan ruang kabin luas.","fitur_unggulan":"Mesin hybrid opsional, fitur keselamatan seperti ESP, desain stylish, hemat bahan bakar.","deleted_at":null,"created_at":"2025-06-23T11:41:25.000000Z","updated_at":"2025-06-23T11:41:25.000000Z"},{"id":10,"nama":"Honda Civic","slug":"honda-civic","merek_id":3,"kategori_id":3,"tahun_mulai":1972,"tahun_akhir":null,"kapasitas_penumpang":5,"tipe_bodi":"sedan","status":"aktif","deskripsi":"Honda Civic adalah sedan sporty dengan performa tinggi, cocok untuk penggemar berkendara dinamis.","fitur_unggulan":"Mesin turbo, Honda SENSING, desain aerodinamis, interior premium.","deleted_at":null,"created_at":"2025-06-23T11:41:25.000000Z","updated_at":"2025-06-23T11:41:25.000000Z"},{"id":11,"nama":"Isuzu D-Max","slug":"isuzu-d-max","merek_id":17,"kategori_id":7,"tahun_mulai":2002,"tahun_akhir":null,"kapasitas_penumpang":5,"tipe_bodi":"pickup","status":"aktif","deskripsi":"Isuzu D-Max adalah pick-up tangguh, ideal untuk kebutuhan komersial dan medan berat.","fitur_unggulan":"Mesin diesel kuat, kemampuan off-road, daya angkut besar, fitur keselamatan modern.","deleted_at":null,"created_at":"2025-06-23T11:41:25.000000Z","updated_at":"2025-06-23T11:41:25.000000Z"},{"id":12,"nama":"Chery Tiggo 8 Pro","slug":"chery-tiggo-8-pro","merek_id":9,"kategori_id":1,"tahun_mulai":2022,"tahun_akhir":null,"kapasitas_penumpang":7,"tipe_bodi":"suv","status":"aktif","deskripsi":"Chery Tiggo 8 Pro adalah SUV premium dengan teknologi canggih dan kenyamanan keluarga.","fitur_unggulan":"Mesin turbo, panoramic sunroof, ADAS, interior mewah.","deleted_at":null,"created_at":"2025-06-23T11:41:25.000000Z","updated_at":"2025-06-23T11:41:25.000000Z"},{"id":13,"nama":"BMW X3","slug":"bmw-x3","merek_id":12,"kategori_id":1,"tahun_mulai":2003,"tahun_akhir":null,"kapasitas_penumpang":5,"tipe_bodi":"suv","status":"aktif","deskripsi":"BMW X3 adalah SUV premium dengan performa tinggi dan desain elegan.","fitur_unggulan":"Mesin bertenaga, iDrive system, fitur keselamatan canggih, desain sporty.","deleted_at":null,"created_at":"2025-06-23T11:41:25.000000Z","updated_at":"2025-06-23T11:41:25.000000Z"},{"id":14,"nama":"Wuling Almaz","slug":"wuling-almaz","merek_id":7,"kategori_id":1,"tahun_mulai":2019,"tahun_akhir":null,"kapasitas_penumpang":7,"tipe_bodi":"suv","status":"aktif","deskripsi":"Wuling Almaz adalah SUV modern dengan fitur canggih dan harga kompetitif.","fitur_unggulan":"WIND voice command, panoramic sunroof, fitur keselamatan lengkap, desain stylish.","deleted_at":null,"created_at":"2025-06-23T11:41:25.000000Z","updated_at":"2025-06-23T11:41:25.000000Z"},{"id":15,"nama":"Neta V-II","slug":"neta-v-ii","merek_id":10,"kategori_id":6,"tahun_mulai":2024,"tahun_akhir":null,"kapasitas_penumpang":5,"tipe_bodi":"suv","status":"aktif","deskripsi":"Neta V-II adalah SUV listrik kompak dengan teknologi modern untuk mobilitas perkotaan.","fitur_unggulan":"Baterai jarak jauh, layar infotainment besar, fitur ADAS, desain futuristik.","deleted_at":null,"created_at":"2025-06-23T11:41:25.000000Z","updated_at":"2025-06-23T11:41:25.000000Z"}],"links":{"first":"http:\/\/127.0.0.1:8000\/api\/admin\/mobils?page=1","last":"http:\/\/127.0.0.1:8000\/api\/admin\/mobils?page=2","prev":null,"next":"http:\/\/127.0.0.1:8000\/api\/admin\/mobils?page=2"},"meta":{"current_page":1,"from":1,"last_page":2,"links":[{"url":null,"label":"&laquo; Previous","active":false},{"url":"http:\/\/127.0.0.1:8000\/api\/admin\/mobils?page=1","label":"1","active":true},{"url":"http:\/\/127.0.0.1:8000\/api\/admin\/mobils?page=2","label":"2","active":false},{"url":"http:\/\/127.0.0.1:8000\/api\/admin\/mobils?page=2","label":"Next &raquo;","active":false}],"path":"http:\/\/127.0.0.1:8000\/api\/admin\/mobils","per_page":15,"to":15,"total":16}}