{
	"info": {
		"_postman_id": "024b6d5d-ab6b-4f7c-8a5a-75b161dabddf",
		"name": "Penjualan Mobil Bekas",
		"schema": "https://schema.getpostman.com/json/collection/v2.1.0/collection.json",
		"_exporter_id": "40646441"
	},
	"item": [
		{
			"name": "FotoMobil",
			"request": {
				"method": "GET",
				"header": [],
				"url": {
					"raw": "http://127.0.0.1:8000/api/admin/foto-mobils",
					"protocol": "http",
					"host": [
						"127",
						"0",
						"0",
						"1"
					],
					"port": "8000",
					"path": [
						"api",
						"admin",
						"foto-mobils"
					]
				}
			},
			"response": []
		},
		{
			"name": "JanjiTemu",
			"request": {
				"method": "GET",
				"header": [],
				"url": {
					"raw": "http://127.0.0.1:8000/api/admin/janji-temus",
					"protocol": "http",
					"host": [
						"127",
						"0",
						"0",
						"1"
					],
					"port": "8000",
					"path": [
						"api",
						"admin",
						"janji-temus"
					]
				}
			},
			"response": []
		},
		{
			"name": "BuatJanjiTemu",
			"request": {
				"method": "POST",
				"header": [
					{
						"key": "Content-Type",
						"value": "application/json",
						"type": "text"
					},
					{
						"key": "Accept",
						"value": "application/json",
						"type": "text"
					}
				],
				"body": {
					"mode": "raw",
					"raw": "{\r\n    \"nama_pelanggan\": \"John Doe\",\r\n    \"email_pelanggan\": \"john.doe@email.com\",\r\n    \"telepon_pelanggan\": \"08123456789\",\r\n    \"alamat_pelanggan\": \"Jl. Sudirman No. 123, Jakarta\",\r\n    \"stok_mobil_id\": 1,\r\n    \"waktu_mulai\": \"2025-06-25 10:00:00\",\r\n    \"waktu_selesai\": \"2025-06-25 12:00:00\",\r\n    \"jenis\": \"test_drive\",\r\n    \"tujuan\": \"Ingin test drive Toyota Avanza untuk kebutuhan keluarga\",\r\n    \"pesan_tambahan\": \"Mohon siapkan dokumen untuk test drive\",\r\n    \"waktu_alternatif\": \"2025-06-26 14:00:00\",\r\n    \"status\": \"pending\",\r\n    \"metode\": \"online\",\r\n    \"lokasi\": \"showroom\",\r\n    \"tanggal_request\": \"2025-06-24 09:03:11\"\r\n}",
					"options": {
						"raw": {
							"language": "json"
						}
					}
				},
				"url": {
					"raw": "http://127.0.0.1:8000/api/admin/janji-temus",
					"protocol": "http",
					"host": [
						"127",
						"0",
						"0",
						"1"
					],
					"port": "8000",
					"path": [
						"api",
						"admin",
						"janji-temus"
					]
				}
			},
			"response": []
		},
		{
			"name": "Kategori",
			"protocolProfileBehavior": {
				"disableBodyPruning": true
			},
			"request": {
				"method": "GET",
				"header": [
					{
						"key": "Content-Type",
						"value": "application/json",
						"type": "text"
					},
					{
						"key": "Accept",
						"value": "application/json",
						"type": "text"
					}
				],
				"body": {
					"mode": "raw",
					"raw": "{\r\n    \"nama_pelanggan\": \"John Doe\",\r\n    \"email_pelanggan\": \"john.doe@email.com\",\r\n    \"telepon_pelanggan\": \"08123456789\",\r\n    \"alamat_pelanggan\": \"Jl. Sudirman No. 123, Jakarta\",\r\n    \"stok_mobil_id\": 1,\r\n    \"waktu_mulai\": \"2025-06-25 10:00:00\",\r\n    \"waktu_selesai\": \"2025-06-25 12:00:00\",\r\n    \"jenis\": \"test_drive\",\r\n    \"tujuan\": \"Ingin test drive Toyota Avanza untuk kebutuhan keluarga\",\r\n    \"pesan_tambahan\": \"Mohon siapkan dokumen untuk test drive\",\r\n    \"waktu_alternatif\": \"2025-06-26 14:00:00\",\r\n    \"status\": \"pending\",\r\n    \"metode\": \"online\",\r\n    \"lokasi\": \"showroom\",\r\n    \"tanggal_request\": \"2025-06-24 09:03:11\"\r\n}"
				},
				"url": {
					"raw": "http://127.0.0.1:8000/api/admin/kategoris",
					"protocol": "http",
					"host": [
						"127",
						"0",
						"0",
						"1"
					],
					"port": "8000",
					"path": [
						"api",
						"admin",
						"kategoris"
					]
				}
			},
			"response": []
		},
		{
			"name": "Merek",
			"protocolProfileBehavior": {
				"disableBodyPruning": true
			},
			"request": {
				"method": "GET",
				"header": [
					{
						"key": "Content-Type",
						"value": "application/json",
						"type": "text"
					},
					{
						"key": "Accept",
						"value": "application/json",
						"type": "text"
					}
				],
				"body": {
					"mode": "raw",
					"raw": "{\r\n    \"nama_pelanggan\": \"John Doe\",\r\n    \"email_pelanggan\": \"john.doe@email.com\",\r\n    \"telepon_pelanggan\": \"08123456789\",\r\n    \"alamat_pelanggan\": \"Jl. Sudirman No. 123, Jakarta\",\r\n    \"stok_mobil_id\": 1,\r\n    \"waktu_mulai\": \"2025-06-25 10:00:00\",\r\n    \"waktu_selesai\": \"2025-06-25 12:00:00\",\r\n    \"jenis\": \"test_drive\",\r\n    \"tujuan\": \"Ingin test drive Toyota Avanza untuk kebutuhan keluarga\",\r\n    \"pesan_tambahan\": \"Mohon siapkan dokumen untuk test drive\",\r\n    \"waktu_alternatif\": \"2025-06-26 14:00:00\",\r\n    \"status\": \"pending\",\r\n    \"metode\": \"online\",\r\n    \"lokasi\": \"showroom\",\r\n    \"tanggal_request\": \"2025-06-24 09:03:11\"\r\n}"
				},
				"url": {
					"raw": "http://127.0.0.1:8000/api/admin/mereks",
					"protocol": "http",
					"host": [
						"127",
						"0",
						"0",
						"1"
					],
					"port": "8000",
					"path": [
						"api",
						"admin",
						"mereks"
					]
				}
			},
			"response": []
		},
		{
			"name": "Mobil",
			"protocolProfileBehavior": {
				"disableBodyPruning": true
			},
			"request": {
				"method": "GET",
				"header": [
					{
						"key": "Content-Type",
						"value": "application/json",
						"type": "text"
					},
					{
						"key": "Accept",
						"value": "application/json",
						"type": "text"
					}
				],
				"body": {
					"mode": "raw",
					"raw": "{\r\n    \"nama_pelanggan\": \"John Doe\",\r\n    \"email_pelanggan\": \"john.doe@email.com\",\r\n    \"telepon_pelanggan\": \"08123456789\",\r\n    \"alamat_pelanggan\": \"Jl. Sudirman No. 123, Jakarta\",\r\n    \"stok_mobil_id\": 1,\r\n    \"waktu_mulai\": \"2025-06-25 10:00:00\",\r\n    \"waktu_selesai\": \"2025-06-25 12:00:00\",\r\n    \"jenis\": \"test_drive\",\r\n    \"tujuan\": \"Ingin test drive Toyota Avanza untuk kebutuhan keluarga\",\r\n    \"pesan_tambahan\": \"Mohon siapkan dokumen untuk test drive\",\r\n    \"waktu_alternatif\": \"2025-06-26 14:00:00\",\r\n    \"status\": \"pending\",\r\n    \"metode\": \"online\",\r\n    \"lokasi\": \"showroom\",\r\n    \"tanggal_request\": \"2025-06-24 09:03:11\"\r\n}"
				},
				"url": {
					"raw": "http://127.0.0.1:8000/api/admin/mobils",
					"protocol": "http",
					"host": [
						"127",
						"0",
						"0",
						"1"
					],
					"port": "8000",
					"path": [
						"api",
						"admin",
						"mobils"
					]
				}
			},
			"response": []
		},
		{
			"name": "RiwayatServis",
			"protocolProfileBehavior": {
				"disableBodyPruning": true
			},
			"request": {
				"method": "GET",
				"header": [
					{
						"key": "Content-Type",
						"value": "application/json",
						"type": "text"
					},
					{
						"key": "Accept",
						"value": "application/json",
						"type": "text"
					}
				],
				"body": {
					"mode": "raw",
					"raw": "{\r\n    \"nama_pelanggan\": \"John Doe\",\r\n    \"email_pelanggan\": \"john.doe@email.com\",\r\n    \"telepon_pelanggan\": \"08123456789\",\r\n    \"alamat_pelanggan\": \"Jl. Sudirman No. 123, Jakarta\",\r\n    \"stok_mobil_id\": 1,\r\n    \"waktu_mulai\": \"2025-06-25 10:00:00\",\r\n    \"waktu_selesai\": \"2025-06-25 12:00:00\",\r\n    \"jenis\": \"test_drive\",\r\n    \"tujuan\": \"Ingin test drive Toyota Avanza untuk kebutuhan keluarga\",\r\n    \"pesan_tambahan\": \"Mohon siapkan dokumen untuk test drive\",\r\n    \"waktu_alternatif\": \"2025-06-26 14:00:00\",\r\n    \"status\": \"pending\",\r\n    \"metode\": \"online\",\r\n    \"lokasi\": \"showroom\",\r\n    \"tanggal_request\": \"2025-06-24 09:03:11\"\r\n}"
				},
				"url": {
					"raw": "http://127.0.0.1:8000/api/admin/riwayat-servis",
					"protocol": "http",
					"host": [
						"127",
						"0",
						"0",
						"1"
					],
					"port": "8000",
					"path": [
						"api",
						"admin",
						"riwayat-servis"
					]
				}
			},
			"response": []
		},
		{
			"name": "StokMobil",
			"protocolProfileBehavior": {
				"disableBodyPruning": true
			},
			"request": {
				"method": "GET",
				"header": [
					{
						"key": "Content-Type",
						"value": "application/json",
						"type": "text"
					},
					{
						"key": "Accept",
						"value": "application/json",
						"type": "text"
					}
				],
				"body": {
					"mode": "raw",
					"raw": "{\r\n    \"nama_pelanggan\": \"John Doe\",\r\n    \"email_pelanggan\": \"john.doe@email.com\",\r\n    \"telepon_pelanggan\": \"08123456789\",\r\n    \"alamat_pelanggan\": \"Jl. Sudirman No. 123, Jakarta\",\r\n    \"stok_mobil_id\": 1,\r\n    \"waktu_mulai\": \"2025-06-25 10:00:00\",\r\n    \"waktu_selesai\": \"2025-06-25 12:00:00\",\r\n    \"jenis\": \"test_drive\",\r\n    \"tujuan\": \"Ingin test drive Toyota Avanza untuk kebutuhan keluarga\",\r\n    \"pesan_tambahan\": \"Mohon siapkan dokumen untuk test drive\",\r\n    \"waktu_alternatif\": \"2025-06-26 14:00:00\",\r\n    \"status\": \"pending\",\r\n    \"metode\": \"online\",\r\n    \"lokasi\": \"showroom\",\r\n    \"tanggal_request\": \"2025-06-24 09:03:11\"\r\n}"
				},
				"url": {
					"raw": "http://127.0.0.1:8000/api/admin/stok-mobils",
					"protocol": "http",
					"host": [
						"127",
						"0",
						"0",
						"1"
					],
					"port": "8000",
					"path": [
						"api",
						"admin",
						"stok-mobils"
					]
				}
			},
			"response": []
		},
		{
			"name": "Varian",
			"protocolProfileBehavior": {
				"disableBodyPruning": true
			},
			"request": {
				"method": "GET",
				"header": [
					{
						"key": "Content-Type",
						"value": "application/json",
						"type": "text"
					},
					{
						"key": "Accept",
						"value": "application/json",
						"type": "text"
					}
				],
				"body": {
					"mode": "raw",
					"raw": "{\r\n    \"nama_pelanggan\": \"John Doe\",\r\n    \"email_pelanggan\": \"john.doe@email.com\",\r\n    \"telepon_pelanggan\": \"08123456789\",\r\n    \"alamat_pelanggan\": \"Jl. Sudirman No. 123, Jakarta\",\r\n    \"stok_mobil_id\": 1,\r\n    \"waktu_mulai\": \"2025-06-25 10:00:00\",\r\n    \"waktu_selesai\": \"2025-06-25 12:00:00\",\r\n    \"jenis\": \"test_drive\",\r\n    \"tujuan\": \"Ingin test drive Toyota Avanza untuk kebutuhan keluarga\",\r\n    \"pesan_tambahan\": \"Mohon siapkan dokumen untuk test drive\",\r\n    \"waktu_alternatif\": \"2025-06-26 14:00:00\",\r\n    \"status\": \"pending\",\r\n    \"metode\": \"online\",\r\n    \"lokasi\": \"showroom\",\r\n    \"tanggal_request\": \"2025-06-24 09:03:11\"\r\n}"
				},
				"url": {
					"raw": "http://127.0.0.1:8000/api/admin/varians",
					"protocol": "http",
					"host": [
						"127",
						"0",
						"0",
						"1"
					],
					"port": "8000",
					"path": [
						"api",
						"admin",
						"varians"
					]
				}
			},
			"response": []
		}
	]
}