{"data":[{"id":1,"stok_mobil_id":1,"tanggal_servis":"2024-06-14T17:00:00.000000Z","jenis_servis":"Servis Rutin","tempat_servis":"Bengkel Resmi Toyota Astra","deskripsi":"Ganti oli mesin, filter oli, dan cek sistem rem.","biaya":"500000.00","kilometer_servis":12000,"foto_bukti":{"nota":"storage\/fotos\/nota_avanza_123456_20240615.jpg","bukti_servis":"storage\/fotos\/servis_avanza_123456_20240615.jpg"},"sparepart":[{"nama":"Oli Mesin Toyota 10W-30","harga":100000,"jumlah":4},{"nama":"Filter Oli","harga":50000,"jumlah":1}],"deleted_at":null,"created_at":"2025-06-23T11:51:55.000000Z","updated_at":"2025-06-23T11:51:55.000000Z"},{"id":2,"stok_mobil_id":1,"tanggal_servis":"2024-12-09T17:00:00.000000Z","jenis_servis":"Tune-up","tempat_servis":"Bengkel Resmi Toyota Astra","deskripsi":"Tune-up mesin, cek sistem kelistrikan, dan perbaikan rem.","biaya":"750000.00","kilometer_servis":14500,"foto_bukti":{"bukti_servis":"storage\/fotos\/servis_avanza_123456_20241210.jpg"},"sparepart":[{"nama":"Busi","harga":80000,"jumlah":4},{"nama":"Filter Udara","harga":100000,"jumlah":1}],"deleted_at":null,"created_at":"2025-06-23T11:51:55.000000Z","updated_at":"2025-06-23T11:51:55.000000Z"},{"id":3,"stok_mobil_id":2,"tanggal_servis":"2024-08-09T17:00:00.000000Z","jenis_servis":"Servis Rutin","tempat_servis":"Bengkel Resmi Honda","deskripsi":"Ganti oli mesin, filter udara, dan cek suspensi.","biaya":"400000.00","kilometer_servis":18000,"foto_bukti":{"nota":"storage\/fotos\/nota_brio_654321_20240810.jpg","bukti_servis":"storage\/fotos\/servis_brio_654321_20240810.jpg"},"sparepart":[{"nama":"Oli Mesin Honda 0W-20","harga":90000,"jumlah":3},{"nama":"Filter Udara","harga":70000,"jumlah":1}],"deleted_at":null,"created_at":"2025-06-23T11:51:55.000000Z","updated_at":"2025-06-23T11:51:55.000000Z"},{"id":4,"stok_mobil_id":3,"tanggal_servis":"2024-10-04T17:00:00.000000Z","jenis_servis":"Pengecekan Baterai","tempat_servis":"Bengkel Resmi Hyundai","deskripsi":"Pengecekan sistem baterai dan update software.","biaya":"300000.00","kilometer_servis":4500,"foto_bukti":{"bukti_servis":"storage\/fotos\/servis_ioniq5_789123_20241005.jpg"},"sparepart":[],"deleted_at":null,"created_at":"2025-06-23T11:51:55.000000Z","updated_at":"2025-06-23T11:51:55.000000Z"},{"id":5,"stok_mobil_id":4,"tanggal_servis":"2024-07-19T17:00:00.000000Z","jenis_servis":"Servis Rutin","tempat_servis":"Bengkel Resmi Mitsubishi","deskripsi":"Ganti oli mesin, cek suspensi, dan perbaikan AC.","biaya":"600000.00","kilometer_servis":22000,"foto_bukti":{"nota":"storage\/fotos\/nota_xpander_456789_20240720.jpg","bukti_servis":"storage\/fotos\/servis_xpander_456789_20240720.jpg"},"sparepart":[{"nama":"Oli Mesin Mitsubishi 5W-30","harga":110000,"jumlah":4},{"nama":"Filter AC","harga":80000,"jumlah":1}],"deleted_at":null,"created_at":"2025-06-23T11:51:55.000000Z","updated_at":"2025-06-23T11:51:55.000000Z"},{"id":6,"stok_mobil_id":5,"tanggal_servis":"2024-11-14T17:00:00.000000Z","jenis_servis":"Pengecekan Sistem Listrik","tempat_servis":"Bengkel Resmi Wuling","deskripsi":"Pengecekan baterai dan sistem kelistrikan, update software.","biaya":"250000.00","kilometer_servis":7000,"foto_bukti":{"bukti_servis":"storage\/fotos\/servis_airev_987654_20241115.jpg"},"sparepart":[],"deleted_at":null,"created_at":"2025-06-23T11:51:55.000000Z","updated_at":"2025-06-23T11:51:55.000000Z"}],"links":{"first":"http:\/\/127.0.0.1:8000\/api\/admin\/riwayat-servis?page=1","last":"http:\/\/127.0.0.1:8000\/api\/admin\/riwayat-servis?page=1","prev":null,"next":null},"meta":{"current_page":1,"from":1,"last_page":1,"links":[{"url":null,"label":"&laquo; Previous","active":false},{"url":"http:\/\/127.0.0.1:8000\/api\/admin\/riwayat-servis?page=1","label":"1","active":true},{"url":null,"label":"Next &raquo;","active":false}],"path":"http:\/\/127.0.0.1:8000\/api\/admin\/riwayat-servis","per_page":15,"to":6,"total":6}}