{"data":[{"id":1,"mobil_id":1,"varian_id":1,"warna":"Putih Mutiara","no_rangka":"MHKM1BA3XNJ123456","no_mesin":"2NRVE123456","tahun":"2024","kilometer":15000,"kondisi":"baik","status":"terjual","harga_beli":"260000000.00","harga_jual":"280000000.00","laba_kotor":"20000000.00","tanggal_masuk":"2025-01-09T17:00:00.000000Z","tanggal_keluar":"2025-06-22T17:00:00.000000Z","lokasi":"Jakarta","catatan":"Mobil bekas dalam kondisi baik, servis rutin di dealer resmi.","kelengkapan":["Kunci Serep","Buku Servis","Toolkit","Dongkrak"],"riwayat_perbaikan":[],"dokumen":[],"foto_kondisi":[],"kondisi_fitur":{"hiburan":[],"keamanan":["ABS","EBD","Airbag Pengemudi","Airbag Depan"],"kenyamanan":[]},"deleted_at":null,"created_at":"2025-06-23T11:49:10.000000Z","updated_at":"2025-06-23T15:13:11.000000Z"},{"id":2,"mobil_id":2,"varian_id":2,"warna":"Hitam Metalik","no_rangka":"MHRGE8H5XPJ654321","no_mesin":"L12B123456","tahun":"2023","kilometer":20000,"kondisi":"sangat_baik","status":"terjual","harga_beli":"230000000.00","harga_jual":"245000000.00","laba_kotor":"15000000.00","tanggal_masuk":"2024-11-19T17:00:00.000000Z","tanggal_keluar":"2025-02-14T17:00:00.000000Z","lokasi":"Bandung","catatan":"Mobil dalam kondisi prima, digunakan pribadi, bebas kecelakaan.","kelengkapan":["Kunci Serep","Buku Servis","Toolkit"],"riwayat_perbaikan":[{"biaya":400000,"tanggal":"2024-08-10","deskripsi":"Servis rutin dan ganti filter udara"}],"dokumen":["BPKB","STNK","Faktur"],"foto_kondisi":{"interior":"storage\/fotos\/brio_654321_interior.jpg","eksterior_depan":"storage\/fotos\/brio_654321_depan.jpg","eksterior_samping":"storage\/fotos\/brio_654321_samping.jpg"},"kondisi_fitur":{"AC":"baik","ABS":"baik","Airbag Pengemudi":"baik","Touchscreen Head Unit":"baik"},"deleted_at":null,"created_at":"2025-06-23T11:49:10.000000Z","updated_at":"2025-06-23T11:49:10.000000Z"},{"id":3,"mobil_id":3,"varian_id":3,"warna":"Gravity Gold Matte","no_rangka":"KMHC851HFNU789123","no_mesin":"EM123456789","tahun":"2024","kilometer":5000,"kondisi":"sangat_baik","status":"tersedia","harga_beli":"850000000.00","harga_jual":"890000000.00","laba_kotor":"40000000.00","tanggal_masuk":"2025-02-28T17:00:00.000000Z","tanggal_keluar":null,"lokasi":"Surabaya","catatan":"Mobil listrik premium, hampir baru, digunakan untuk test drive.","kelengkapan":["Kunci Serep","Buku Servis","Kabel Pengisian","Toolkit"],"riwayat_perbaikan":[],"dokumen":["BPKB","STNK","Faktur","Sertifikat Garansi"],"foto_kondisi":{"interior":"storage\/fotos\/ioniq5_789123_interior.jpg","eksterior_depan":"storage\/fotos\/ioniq5_789123_depan.jpg","eksterior_belakang":"storage\/fotos\/ioniq5_789123_belakang.jpg"},"kondisi_fitur":{"ABS":"baik","AC Dual Zone":"baik","Cruise Control":"baik","Airbag Pengemudi":"baik","Touchscreen Head Unit":"baik"},"deleted_at":null,"created_at":"2025-06-23T11:49:10.000000Z","updated_at":"2025-06-23T11:49:10.000000Z"},{"id":4,"mobil_id":4,"varian_id":4,"warna":"Silver Metalik","no_rangka":"MHFNX45EXMJ456789","no_mesin":"4A91X123456","tahun":"2023","kilometer":25000,"kondisi":"baik","status":"booking","harga_beli":"300000000.00","harga_jual":"320000000.00","laba_kotor":"20000000.00","tanggal_masuk":"2024-12-04T17:00:00.000000Z","tanggal_keluar":null,"lokasi":"Jakarta","catatan":"Mobil dalam kondisi baik, sedang dipesan pelanggan, menunggu pembayaran.","kelengkapan":["Kunci Serep","Buku Servis","Toolkit"],"riwayat_perbaikan":[{"biaya":600000,"tanggal":"2024-07-20","deskripsi":"Ganti oli dan cek suspensi"}],"dokumen":["BPKB","STNK","Faktur"],"foto_kondisi":{"interior":"storage\/fotos\/xpander_456789_interior.jpg","eksterior_depan":"storage\/fotos\/xpander_456789_depan.jpg","eksterior_samping":"storage\/fotos\/xpander_456789_samping.jpg"},"kondisi_fitur":{"AC":"baik","ABS":"baik","Airbag Pengemudi":"baik","Touchscreen Head Unit":"baik"},"deleted_at":null,"created_at":"2025-06-23T11:49:10.000000Z","updated_at":"2025-06-23T11:49:10.000000Z"},{"id":5,"mobil_id":5,"varian_id":5,"warna":"Putih","no_rangka":"LZWADAGA1NJ987654","no_mesin":"EV123456789","tahun":"2024","kilometer":8000,"kondisi":"sangat_baik","status":"tersedia","harga_beli":"280000000.00","harga_jual":"305000000.00","laba_kotor":"25000000.00","tanggal_masuk":"2025-02-09T17:00:00.000000Z","tanggal_keluar":null,"lokasi":"Medan","catatan":"Mobil listrik dalam kondisi hampir baru, ideal untuk penggunaan kota.","kelengkapan":["Kunci Serep","Buku Servis","Kabel Pengisian"],"riwayat_perbaikan":[],"dokumen":["BPKB","STNK","Faktur"],"foto_kondisi":{"interior":"storage\/fotos\/airev_987654_interior.jpg","eksterior_depan":"storage\/fotos\/airev_987654_depan.jpg","eksterior_belakang":"storage\/fotos\/airev_987654_belakang.jpg"},"kondisi_fitur":{"AC":"baik","ABS":"baik","Airbag Pengemudi":"baik","Touchscreen Head Unit":"baik"},"deleted_at":null,"created_at":"2025-06-23T11:49:10.000000Z","updated_at":"2025-06-23T11:49:10.000000Z"}],"links":{"first":"http:\/\/127.0.0.1:8000\/api\/admin\/stok-mobils?page=1","last":"http:\/\/127.0.0.1:8000\/api\/admin\/stok-mobils?page=1","prev":null,"next":null},"meta":{"current_page":1,"from":1,"last_page":1,"links":[{"url":null,"label":"&laquo; Previous","active":false},{"url":"http:\/\/127.0.0.1:8000\/api\/admin\/stok-mobils?page=1","label":"1","active":true},{"url":null,"label":"Next &raquo;","active":false}],"path":"http:\/\/127.0.0.1:8000\/api\/admin\/stok-mobils","per_page":15,"to":5,"total":5}}