{"data":[{"id":1,"mobil_id":1,"nama":"Avanza 1.5 G CVT","kode":"G","deskripsi":"Varian premium Toyota Avanza dengan transmisi CVT, menawarkan kenyamanan dan efisiensi untuk keluarga.","harga_otr":"272500000.00","tipe_mesin":"bensin","kapasitas_mesin_cc":1496,"silinder":4,"transmisi":"cvt","jumlah_gigi":null,"daya_hp":104,"torsi_nm":137,"jenis_bahan_bakar":"Bensin","konsumsi_bahan_bakar_kota":"12.50","konsumsi_bahan_bakar_jalan":"18.40","panjang_mm":4395,"lebar_mm":1730,"tinggi_mm":1700,"jarak_sumbu_roda_mm":2750,"ground_clearance_mm":195,"berat_kosong_kg":1155,"berat_isi_kg":1710,"kapasitas_bagasi_l":547,"kapasitas_tangki_l":43,"akselerasi_0_100_kmh":"13.50","kecepatan_maksimal_kmh":170,"fitur_keamanan":["ABS","EBD","Airbag Pengemudi","Airbag Depan","Alarm & Immobilizer","Sabuk Pengaman 3 Titik","ISOFIX"],"fitur_kenyamanan":["AC","Power Steering","Power Window","Central Lock","Keyless Entry","Push Start Button","Armrest"],"fitur_hiburan":["Radio","USB Port","Bluetooth","Touchscreen Head Unit","Speaker"],"aktif":true,"deleted_at":null,"created_at":"2025-06-23T11:46:38.000000Z","updated_at":"2025-06-23T11:46:38.000000Z"},{"id":2,"mobil_id":2,"nama":"Brio RS CVT","kode":"RS","deskripsi":"Varian sporty Honda Brio dengan desain modern dan transmisi CVT, ideal untuk penggunaan perkotaan.","harga_otr":"243900000.00","tipe_mesin":"bensin","kapasitas_mesin_cc":1199,"silinder":4,"transmisi":"cvt","jumlah_gigi":null,"daya_hp":89,"torsi_nm":110,"jenis_bahan_bakar":"Bensin","konsumsi_bahan_bakar_kota":"16.50","konsumsi_bahan_bakar_jalan":"22.00","panjang_mm":3815,"lebar_mm":1680,"tinggi_mm":1485,"jarak_sumbu_roda_mm":2405,"ground_clearance_mm":165,"berat_kosong_kg":975,"berat_isi_kg":1350,"kapasitas_bagasi_l":258,"kapasitas_tangki_l":35,"akselerasi_0_100_kmh":"12.80","kecepatan_maksimal_kmh":160,"fitur_keamanan":["ABS","EBD","Airbag Pengemudi","Airbag Depan","Alarm & Immobilizer","Sabuk Pengaman 3 Titik"],"fitur_kenyamanan":["AC","Power Steering","Power Window","Central Lock","Keyless Entry"],"fitur_hiburan":["Radio","USB Port","Bluetooth","Touchscreen Head Unit","Speaker"],"aktif":true,"deleted_at":null,"created_at":"2025-06-23T11:46:38.000000Z","updated_at":"2025-06-23T11:46:38.000000Z"},{"id":3,"mobil_id":3,"nama":"Ioniq 5 Signature Long Range","kode":"Signature","deskripsi":"Varian premium Hyundai Ioniq 5 dengan jangkauan baterai jauh dan fitur teknologi canggih.","harga_otr":"870000000.00","tipe_mesin":"listrik","kapasitas_mesin_cc":null,"silinder":null,"transmisi":"automatic","jumlah_gigi":1,"daya_hp":225,"torsi_nm":350,"jenis_bahan_bakar":"Listrik","konsumsi_bahan_bakar_kota":null,"konsumsi_bahan_bakar_jalan":null,"panjang_mm":4635,"lebar_mm":1890,"tinggi_mm":1605,"jarak_sumbu_roda_mm":3000,"ground_clearance_mm":160,"berat_kosong_kg":2010,"berat_isi_kg":2450,"kapasitas_bagasi_l":531,"kapasitas_tangki_l":null,"akselerasi_0_100_kmh":"7.40","kecepatan_maksimal_kmh":185,"fitur_keamanan":["ABS","EBD","BA","VSC","TCS","Hill Start Assist","Airbag Pengemudi","Airbag Depan","Airbag Samping","Airbag Tirai","Alarm & Immobilizer","ISOFIX","Kamera Parkir","Sensor Parkir"],"fitur_kenyamanan":["AC Dual Zone","Power Steering","Electric Mirror","Power Window","Central Lock","Keyless Entry","Push Start Button","Cruise Control","Auto Rain Sensor","Auto Light","Electric Seat","Leather Seat","Armrest"],"fitur_hiburan":["Radio","USB Port","Bluetooth","Apple CarPlay","Android Auto","Touchscreen Head Unit","Speaker","Steering Switch"],"aktif":true,"deleted_at":null,"created_at":"2025-06-23T11:46:38.000000Z","updated_at":"2025-06-23T11:46:38.000000Z"},{"id":4,"mobil_id":4,"nama":"Xpander Ultimate CVT","kode":"Ultimate","deskripsi":"Varian tertinggi Mitsubishi Xpander dengan fitur lengkap dan transmisi CVT, ideal untuk keluarga.","harga_otr":"312500000.00","tipe_mesin":"bensin","kapasitas_mesin_cc":1499,"silinder":4,"transmisi":"cvt","jumlah_gigi":null,"daya_hp":104,"torsi_nm":141,"jenis_bahan_bakar":"Bensin","konsumsi_bahan_bakar_kota":"13.20","konsumsi_bahan_bakar_jalan":"18.50","panjang_mm":4475,"lebar_mm":1750,"tinggi_mm":1730,"jarak_sumbu_roda_mm":2775,"ground_clearance_mm":205,"berat_kosong_kg":1240,"berat_isi_kg":1780,"kapasitas_bagasi_l":495,"kapasitas_tangki_l":45,"akselerasi_0_100_kmh":"14.00","kecepatan_maksimal_kmh":170,"fitur_keamanan":["ABS","EBD","BA","Airbag Pengemudi","Airbag Depan","Alarm & Immobilizer","ISOFIX","Sabuk Pengaman 3 Titik"],"fitur_kenyamanan":["AC","Power Steering","Power Window","Central Lock","Keyless Entry","Push Start Button","Armrest"],"fitur_hiburan":["Radio","USB Port","Bluetooth","Touchscreen Head Unit","Speaker"],"aktif":true,"deleted_at":null,"created_at":"2025-06-23T11:46:38.000000Z","updated_at":"2025-06-23T11:46:38.000000Z"},{"id":5,"mobil_id":5,"nama":"Air ev Long Range","kode":"Long Range","deskripsi":"Varian Wuling Air ev dengan jangkauan baterai lebih jauh, cocok untuk mobilitas perkotaan.","harga_otr":"299000000.00","tipe_mesin":"listrik","kapasitas_mesin_cc":null,"silinder":null,"transmisi":"automatic","jumlah_gigi":1,"daya_hp":41,"torsi_nm":110,"jenis_bahan_bakar":"Listrik","konsumsi_bahan_bakar_kota":null,"konsumsi_bahan_bakar_jalan":null,"panjang_mm":2974,"lebar_mm":1505,"tinggi_mm":1631,"jarak_sumbu_roda_mm":2010,"ground_clearance_mm":150,"berat_kosong_kg":880,"berat_isi_kg":1120,"kapasitas_bagasi_l":200,"kapasitas_tangki_l":null,"akselerasi_0_100_kmh":"20.00","kecepatan_maksimal_kmh":100,"fitur_keamanan":["ABS","EBD","Airbag Pengemudi","Airbag Depan","Alarm & Immobilizer","ISOFIX","Kamera Parkir","Sensor Parkir"],"fitur_kenyamanan":["AC","Power Steering","Power Window","Central Lock","Keyless Entry"],"fitur_hiburan":["Radio","USB Port","Bluetooth","Touchscreen Head Unit","Speaker"],"aktif":true,"deleted_at":null,"created_at":"2025-06-23T11:46:38.000000Z","updated_at":"2025-06-23T11:46:38.000000Z"}],"links":{"first":"http:\/\/127.0.0.1:8000\/api\/admin\/varians?page=1","last":"http:\/\/127.0.0.1:8000\/api\/admin\/varians?page=1","prev":null,"next":null},"meta":{"current_page":1,"from":1,"last_page":1,"links":[{"url":null,"label":"&laquo; Previous","active":false},{"url":"http:\/\/127.0.0.1:8000\/api\/admin\/varians?page=1","label":"1","active":true},{"url":null,"label":"Next &raquo;","active":false}],"path":"http:\/\/127.0.0.1:8000\/api\/admin\/varians","per_page":15,"to":5,"total":5}}